metric,treatment_mean,control_mean,difference,p_value,significant
Overall Female Percentage,43.22730769230769,42.046773809523806,1.1805338827838838,0.18140152115428562,False
Overall URM Percentage,12.220086342229198,12.888230158730158,-0.6681438165009599,0.24896309954021603,False
Episode-Averaged Female Percentage,43.41164835164835,41.98299206349206,1.42865628815629,0.10660824355476037,False
Episode-Averaged URM Percentage,12.329332810047095,12.992666666666667,-0.6633338566195714,0.25883424585453707,False
